ODSI,Focal Area,Partners,List of Partners
Animal Telemetry Network,basic science,Yes,FACT Network; Atlantic Coast Telemetry (ACT) Network; Southern California Acoustic Telemetry Tracking Network (SCATTN); Wood Hole Group Argos Services Team; participating researchers; Interagency Ocean Observation Committee (IOOC) member agencies; U.S. Integrated Ocean Observing System (IOOS) Program Office; U.S. Integrated Ocean Observing System (IOOS) Regional Associations
Argo,basic science,Yes,Intergovernmental Oceanographic Commission (IOC)
BlueBRIDGE,fisheries extraction,Yes,National Research Council of Italy (CNR); European Research Consortium for Informatics and Mathematics (ERCIM); Engineering Ingegneria Informatica Spa; National and Kapodistrian University of Athens (UOA); Food and Agriculture Organization (FAO); International Council for the Exploration of the Sea (ICES); Institut de Recherche pour le Developement (IRD); Foundation for Research and Technology Hellas (FORTH); Trust-IT Services LTD; Integrated Information Systems (I2S); Communication and Information Technologies Experts (CITE); Collecte Localisation Satellites (CLS); GRID-Arendal; Pole Mer Bretagne Atlantique
Canada's Dark Vessel Detection Program,fisheries extraction,Yes,Department of National Defence; Defence Research and Development Canadaâ As center for Security Science' Global Affairs Canada; MDA; Pacific Islands Forum Fisheries Agency (FFA); Ecuadorian Maritime Authority; National Directorate of Aquatic Spaces
CCAMLR Data,fisheries extraction,Yes,"Norway; Sweden; Korea Institute of Ocean Science and technology (KIOST); Ministry of Education, Culture, Sports, Science and Technology (MEXT); Portugal; REV Ocean; Panerai; Fugro; Fisheries and Oceans Canada (DFO)"
Coastal Resilience Mapping Portal,basic science,Yes,"The Nature Conservancy (TNC); National Oceanic and Atmospheric Administration (NOAA); United Nations University, Natural Capital Project; Association of State Floodplain Managers; University of Southern Mississippi; United States Geological Survey (USGS); Microsoft; Esri; Azavea; Spatial Development International; Global Disaster Preparedness Center; the International Federation of the Red Cross; ISR"
Copernicus Marine Service,basic science,Yes,Horizon 2020; European Marine Observation and Data Network (EMODNet); EU4OceanObs; European Space Agency (ESA); European organization for the Exploitation of Meteorological Satellites (EUMETSAT); European center for Medium-Range Weather Forecasts (ECMWF)
Coral Reef Sentinels Program,biodiversity conservation,Yes,Smithsonian Institution (Smithsonian) Healthy Reef Initiative; National Aeronautic and Space Administration (NASA) Ames; Scripps Institution of Oceanography (SIO); University of California San Diego; California Academy of Science; Arizona State University; Conservation X Labs; Conservify; Waitt Institute
Coral Triangle Atlas,biodiversity conservation,Yes,"United States Agency for International Development (USAID); Coral Triangle Support Partnership (CTSP); The Nature Conservancy (TNC); Coral Triangle Initiative on Coral Reefs, Fisheries and Food Security (CTI-CFF); World Wide Fund for Nature (WWF); International Union for Conservation of Nature Global Marine Species Assessment (IUCN-GMSA); Wildlife Conservation Society (WCS); WorldFish; ReefBase"
Coriolis Ocean Database for Reanalysis,basic science,Yes,CORIOLIS Data center (DAC); SeaDataNet; Intergovernmental Oceanographic Commission (IOC) Global Earth Observing System (GOOS) EuroGOOS; MyOcean; COPERNICUS
Deep Ocean Observing Strategy,basic science,Yes,OceanSITES; China; National Science Foundation (NSF) Ocean Observatories Initiative (OOI); InterRIDGE; Ocean Networks Canada (ONC); Consortium for Ocean Leadership (COL); Seabed 2030; International Seabed Authority (ISA); Intergovernmental Oceanographic Commission Ocean Data and Information System (ODIS); Schmidt Ocean Institute; REV Oceans
Deep-Ocean Stewardship Initiative,biodiversity conservation,Yes,"Jeff Ardron, Commonwealth Secretariat, UK; Jon Copley, University of Southampton, UK; Judith Gobin University of the West Indies, Trinidad and Tobago; Maila Guilhon, University of Sao Paolo, Brazil; Baban Ingole, National center for Polar and Ocean Research, India; Se-Jong Ju, Korean Institute of Ocean Science and Technology, South Korea; Alan Leonardi, National Oceanic and Atmospheric Administration (NOAA) Office of Ocean Exploration and Research, USA; Hannah Lily, Hannah Lily Law, UK; Rose Lesley Kautoke, Government of the Kingdom of Tonga, Tonga; Anna Metaxas, Dalhousie University, Canada; Agnes Muthumbi, University of Nairobi, Kenya; Pei-Yuan Qian, Hong Kong University of Science and Technology, Hong Kong; Eva Ramirez-Llodra, NIVA, Norway and REV Ocean, Norway; Francesca Santoro, UNESCO-IOC, France; Julia Sigwart Queen's University, N. Ireland; Oliver Steeds, Nekton, UK; Torsten Thiele, LSE Institute of Global Affairs, London and Institute for Advanced Sustainability Studies, Germany and Global Ocean Trust founder; Alix Willemez, Global Environment Facility, Cote d'Ivoire"
Digital Twin of the Ocean,basic science,Yes,National Oceanography center (NOC); Mercator Ocean International; Fugro; Integrated Marine Observing System (IMOS); National Oceans and Coastal Information Management System
Earth Observing System Data and Information System (EOSDIS) - Ocean Data,basic science,Yes,International Science Council (ISC) World Data System (WDS); Committee on Earth Observation Satellites (CEOS); CEOS WGISS Integrated Catalog (CWIC); Quality Assurance Framework for Earth Observaiton (QA4EO); United States Group on Earth Observations (USGEO); Earth Science Information Partners (ESIP); Federal Geographic Data Committee (FGDC); International Organization for Standardizaiton (ISO); Open Geospatial Consortium (OGC); Data.Gov; Climate Resiliency Toolkit; National Climate Assessment (NCA); National Oceanic and Atmospheric Administration (NOAA); United States Geological Survey (USGS)
EDF Fisheries Solution Center,fisheries extraction,Yes,Not indicated
EMODnet,basic science,Yes,"center for Documentation, Research and Experimentation on Accidental Water Pollution (CEDRE); Istituto Nazionale di Geofisica e Vulcanologia, Sede di Bologna (INGV); Javakhishvili Tbilisi State University, center of Relations with UNESCO Oceanological Research center and GeoDNA (UNESCO) (TSU-DNA); A.N.D. International (AND); Albanian Geological Survey (AGS); Alfred Wegener Institute (AWI); Anguilla Community College (ACC); AZTI Tecnalia (AZTI); Balearic Islands Coastal Observing and Forecasting System (SOCIB); Baltic Sea Hydrographic Commission (BSHC); Belgian Marine Data center (RBINS-ODNATURE-BMDC); British Geological Survey (BGS); Center for Marine Environmental Sciences (MARUM); center for Environment, Fisheries and Aquaculture Science (CEFAS); center for Marine Sciences (CCMAR); Centro Tecnoligico del Mar (CETMAR); CNR, Institute of Environmental Geology and Geoengineering (IGAG) (CNR-IGAG); COGEA; Conference of Peripheral Maritime Regions (CRPM); Coronis Computing SL (Coronis); Croatian Hydrographic Institute (HHI); CSIC-ICM/Institute of Marine Sciences (CSIC-ICM); Cyprus Geological Survey (GSD); Danish center for Environment and Energy (DCE); Danish Geodata Agency - Danish Hydrographic Office (GST); Danish Maritime Authority (DMA); Danube Delta National Institute (DDNI)"
eOceans,basic science,Yes,Not indicated
FishBase,biodiversity conservation,Yes,WorldFish; Food and Agriculture Organization (FAO); GEOMAR Helmholtz center for Ocean Research Kiel; Global Fisheries Cluster UBC; Museum National d'Histoire Naturelle; Royal Museum for Central Africa Tervuren; Swedish Museum of Natural History; Aristotle University of Thessaloniki; Chinese Academy of Fishery Sciences; Universidade Federal de Sergipe; University of Western Australia
Global Oceans Biodiversity Initiative (GOBI),biodiversity conservation,Yes,"German Federal Agency for Nature Conservation (BfN); the International Union for Conservation of Nature (IUCN); United Nations Environmental program (UNEP) World Conservation Monitoring center (WCMC); Marine Conservation Biology Institute (MCBI); Census of Marine Life (CMoL); Ocean Biogeographic Information System (OBIS); Marine Geospatial Ecology Lab of Duke University (MGEL); Convention on Biological Diversity (CBD); Seascape consultants; Convention on Migratory Species (CMS); International Union for Conservation of Nature (IUCN); Duke Nicholas School of the Environment; Commonwealth Scientific and Industrial Research organization (CSIRO); BirdLife International; Tethys Research Institute; MarViva Foundation; French Biodiversity Agency (OFB); Science and Conservation of Fish Aggregations (SCRFA); United Nations University Institute of Advanced Studies (UNU-IAS); National Institute of Water and Atmospheric Research (NIWA); Smithsonian Conservation Biology Institute; University of California Santa Cruz; University of Hawai'i; World Wide Fund for Nature (WWF); Sustainable FIsheries Partnership; Senckenberg; South African National Biodiversity Institute (SANBI); Old Dominion University; United Nations Freiburg; James Cook University; Departamento de Oceanografia e Pescas (DOP), Universidade Dos Acores; Food and Agriculture Organization (FAO); International Maritime Organization (IMO); International Seabed Authority; Northeastern University; Whale and Dolphin Conservation; Pacific Marine Analysis and Research Association (Pac MARA); San Fransisco State Estuary and Ocean Science Center; MigraMar; Sargasso Sea Commission; Universidad de Valparaiso Chile; WildOceans; Natural Resources Defense Council (NRDC); University of Aberdeen; Ocean Institute; Apex; Columbia University"
ICES Marine Data,basic science,Yes,"Scientific Committee on Oceanic Research (SCOR); North Atlantic Salmon Conservation Organization (NASCO); The United Kingdom of Great Britain and Northern Ireland; European Commission (EC) - DG ENV; European Commission (EC) - DG MARE; Republic of Iceland; North East Atlantic Fisheries Commission (NEAFC); Kingdom of Norway; Convention on Biological Diversity (CBD); World Maritime University (WMU); Mediterranean Science Commission (CIESM); United Nations Education, Scientific, and Cultural Organization; Intergovernmental Oceanographic Commission (IOC); General Fisheries Commission in the Mediterranean (GFCM); The North Atlantic Marine Mammal Commission (NAMMCO); International Arctic Science Committee (IASC); BONUS; National Oceanographic Data Center of the USA (NODC); World organization for Animal Health (Oie); The Convention for the Protection of the marine Environment of the North-East Atlantic (OSPAR); Baltic Marine Biologists; The European Environment Agency (EEA); International cooperation in the development and maintenance of the Fisheries Resources Monitoring System (FIRMS); Northwest Atlantic Fisheries Organization (NAFO); The North Pacific Marine Science Organization (PICES); Food and Agriculture Organization (FAO); European Aquaculture Society (EAS); Statistical Office of the European Communities (EUROSTAT); Baltic Marine Environment Protection Commission (HELCOM); Government of Denmark and the Home Governments of the Faroe Islands and of Greenland"
iMarine Gateway,fisheries extraction,Yes,Food and Agriculture Organization (FAO); National Research Council of Italy (CNR)
International Comprehensive Ocean-Atmospheric Data Set,basic science,Yes,National Oceanic and Atmospheric Administration (NOAA); National Science Foundation's National Center for Atmospheric Research (NSF-NCAR)
International Fisheries Innovation Network,fisheries extraction,Yes,University of California Santa Barbara (UCSB); University of Washington (UW); Environmental Defense Fund (EDF)
International Group for Marine Ecological Time Series,basic science,Yes,"Intergovernmental Oceanographic Commission (IOC); International Ocean Carbon Coordination Project (IOCCP); Ocean Carbon and Biogeochemistry Program (OCB); Korea Institute of Ocean Science and Technolog;, PICES; ICES-CIEM; National Oceanic and Atmospheric Association (NOAA)"
Intergovernmental Oceanographic Commission (IOC) Ocean Data and Information System (ODIS),basic science,Yes,Tara Ocean Foundation
International Seabed Authority DeepData Database,basic science,No,Not indicated
Land+Ocean Data,basic science,Yes,Lawrence Berkeley National Laboratory (Berkeley Lab); Future 500; Aclima; Federation of American Scientists (FAS); Global Footprint Network (GFN); International Energy Agency (IEA); Met Office Hadley center for Climate Science and Services; National Aeronautics and Space Administration (NASA); National Oceanic and Atmospheric Administration (NOAA); U.S. Energy Information Administration (EIA)
Litterbase,basic science,No,Not indicated
Lloyds List intelligence (seasearcher),fisheries extraction,No,Not indicated
Mapping Application for Penguin Populations and Projected Dynamics,biodiversity conservation,Yes,"Penguin Watch; Black Bawks data science; The Lynch Lab, Oceanites; C3"
Marine Ecological Research Management AID,biodiversity conservation,Yes,Wildlife Conservation Society (WCS); World Wide Fund for Nature (WWF); Sparkgeo
Marine Geoscience Data System,basic science,Yes,U.S. Antarctic Program (USAP); the Ridge 2000 and MARGINS programs; Global Multi-Resolution Topography (GMRT) Synthesis; GeoMapApp; the US Antarctic Program Data Center (USAP-DC); and the Rolling Deck to Repository (R2R) Program
Group on Earth Observations (GEO) Biodiversity Observing Networks (BON) Marine Observing Network,biodiversity conservation,Yes,Group on Earth Observations (GEO); Global Biodiversity Information Facility (GBIF); International Barcode of Life (iBOL); Intergovernmental Platform on Biodiversity and Ecosystem Services (IPBES); European Space Agency (ESA); International Union for Conservation of Nature (IUCN); National Aeronautics and Space Administration (NASA)
Marine Protection Atlas,biodiversity conservation,Yes,MissonBlue; Sea Legacy; Antarctic and Southern Ocean Coalition; WildAid; High Seas Alliance; Oceanic Global; deepsea conservation coalition; Seattle Aquarium; GOBI; Conservation Alliance for Seafood Solutions; Antarctic Ocean Alliance; CARTODB; Conservation International; ESRI; National Geographic; Global Penguin Society; GreenPeace; OCEANA; Ocean Conservancy; PEW Charitable Trusts; MedPan; WWF; Open Channels; The Nature Conservancy (TNC); National Marine Protected Areas Center; WCS; Benioff Ocean Initiative; United Nations Environmental Program (UNEP) World Conservation Monitoring Centre (WCMC); Bitonga Divers; Blue Prosperity Coalition; ZSL; Earth Law Center; Oneworld Oneocean.com; Canadaian Parks and Wilderness Society- British Columbia Center; Fundacion Rompientes; Global Conservation; IUCN; OceanRevolution; Jnana Foundation; EMAHO films; Linking Tourism and Conservation (LTandC); Pacific Environment; Turtle Island Restoration Network; Heirs to Our Oceans; Blue Sphere Foundation; Global Ocean Trust; Blue Halo Initiative; Global Penguin Society; MARE; Ocean Unite; Sevenseasmedia.org; MarViva; Sinazulnohayverde CLT; SKYTRUTH; sharkstewards.org; WDPA; Sargasso Sea Alliance
MitoFish,basic science,No,Not indicated
NOAA U.S. Seafood Import Monitoring Program,fisheries extraction,No,Not indicated
Ocean Biogeographic Information System (OBIS),basic science,Yes,UNESCO (UNESCO) International Oceanographic Data and Information Exchange Program (IODE); Global Biodiversity Information Facility (GBIF); TDWG DATA QUALITY INTEREST GROUP; Intergovernmental Oceanographic Commission (IOC) Global Earth Observing System (GOOS); Group on Earth Observations (GEO) Biodiversity Observing Networks (BON) Marine Observing Network; EurOBIS; OBIS Secretariat; Antarctic OBIS; Ocean Tracking Network (OTN); Integrated Marine Observing System (IMOS); Animal Tracking Facility (ATF); Lifewatch Belgium
Ocean + library,basic science,Yes,Proteus
Ocean Data Platform,basic science,Yes,Accenture; Aker ASA; Aker Biomarine; AkerBP; AkerHorizon; Aker Solutions; BAHR; Cognite; Global Fishing Watch; UNESCO (UNESCO) International Oceanographic Data and Information Exchange Program (IODE); Mursk Mc-Kinney Muller Center for Zero Carbon Shipping (MMMCZCS); Mercuria; Microsoft; Confederation for Norwegian Enterprise (NHO); The North Alliance (NoA); Norwegian University of Science and Technology (NTNU); OPS Sjumat; SINTEF Ocean; University of Tromso (UIT); Vanora; World Economic Forum
Ocean Data View,basic science,No,Not indicated
Ocean Tracking Network,biodiversity conservation,Yes,Dalhousie University; Nunavut; The Confederacy of Mainland Mi'kmaq
OceanDataLab,basic science,Yes,French Research Institute for Exploitation of the Sea (IFREMER) Space Oceanography Laboratory
oceanmind,fisheries extraction,Yes,Conservation International; Fauna and Flora international; Microsoft; The Royal Thai Government; The Seafood Taskforce; Sainsbury's
OceanPredict,basic science,Yes,Bureau of Meterorology; Centro Euro-Mediterraneo sui Cambiamenti Climatici (CMCC); center de National d'Eutes Spatiales (CNES); Canadian Operational Network of Coupled Environmental Prediction Systems (CONCEPTS); Commonwealth Scientific and Industrial Research Organization (CSIRO); European Organization for the Exploitation of Meteorological Satellites (EUMETSAT); European Space Agency (ESA); Korea Hydrographic and Oceanic Society (KHOA); Korea Institute of Ocean Science and Technology (KIOST); French Research Institute for Exploitation of the Sea (IFREMER); Indian National Center for Ocean Information Services (INCOIS); Met Office; Mercator Ocean International; Meteorological Research Institute (MRI); Japan Meteorological Agency (JAM); National Aeronautics and Space Administration (NASA); Nansen Environmental and Remote Sensing Center (NERSC); National Marine Environmental Center of State Oceanic Administration (SOA-NMEFC); National Oceanic and Atmospheric Administration (NOAA); Rede de Mooelagem e Observacao Oceanografica (REMO)
OceanSITES,basic science,Yes,University Of Bergen (BERGEN) Geophysical Institute; CCHDO CLIVAR and Carbon Hydographic Office; CDIAC Carbon Dioxide Information Analysis Center; EUROSITES EuroSites project; GEOMAR Helmholtz center for Ocean Research Kiel; Integrated Marine Observing System (IMOS); Indian National center for Ocean Information Services (INCOIS); Japan Agency for Marine-Earth Science and Technology (JAMSTEC); Monterey Bay Aquarium Research Institute (MBARI); Marine Environmental Data Service (MEDS); National Data Buoy Center (NDBC); Royal Netherlands Institute for Sea Research (NIOZ); National Oceanography center (NOC); Pacific Marine Environmental Laboratory (PMEL); Scripps Institution of Oceanography (SIO);  University of Hawai'i (UH); Woods Hole Oceanographic Institution (WHOI); UNESCO; Intergovernmental Oceanographic Commission (IOC) Global Earth Observing System (GOOS); Global Earth Observing System of Systems (GEOSS); Climate Variability and Predictability project (CLIVAR) of the World Climate Research Program (WCRP); Partnership for Observation of the Global Oceans (POGO); Ocean Observations Panel for Climate (OOPC)
odinafrica,basic science,Yes,UNESCO (UNESCO) International Oceanographic Data and Information Exchange Program (IODE); Intergovernmental Oceanographic Commission (IOC); Nairobi Convention; Western Indian Ocean Marine Science Association (WIOMSA); Marine and Coastal Operations for Southern Africa (MarCOSouth); Coastal Oceans Research and Development (CORDIO); United Nations Environment Program (UNEP); Regional center for Mapping of Resources for Development; Biodiversity and Protected Areas Management (BIOPAMA)
One Ocean Network for Deep Observation,basic science,Yes,French Research Institute for Exploitation of the Sea (IFREMER); Japan Agency for Marine-Earth Science and Technology (JAMSTEC); European Multidisciplinary Seafloor Observatory (EMSO); Ocean Networks Canada (ONC)
National Science Foundation (NSF) Ocean Observatories Initiative (OOI),basic science,Yes,Woods Hole Oceanographic Institution (WHOI); University of Washington; Oregon State University
Our Shared Seas,biodiversity conservation,Yes,CEA Consulting; Center for Biodiversity and Conservation
Pacific Islands Forum Fisheries Agency Regional Fisheries Surveillance CenterÂ ,fisheries extraction,Yes,Secretariat for the Pacific Community (SPC); Pacific Islands Forum Secretariat (FORSEC); South Pacific Regional Environmental program (SPREP); South Pacific Applied Geoscience Commission (SOPAC); Pacific Islands Development program (PIDP); South Pacific Tourism Organization (SPTO); University of the South Pacific (USP); Pacific Islands Law Officer Network (PILON); Western and Central Pacific Fisheries Commission (WCPFC); Parties of the Nauru Agreement (PNA); Te Vaka Moana (TVM)
PANGAEA,biodiversity conservation,Yes,International Science Council (ISC); Baseline Surface Radiation Netowrk (BSRN); World Meteorological Organization
Pew Charitable Trust 'Eyes on the Sea',fisheries extraction,Yes,Satellite Applications Catapult
POGO (Partenrship for Observation of the Global Ocean - Nippon Foundation),basic science,Yes,"Australian Institute of Marine Science (AIMS); CSIRO Oceans and Atmosphere (CSIRO); Institute for Marine and Antarctic Studies (IMAS); University of Western Australia Oceans Institute (UWA); Bangladesh; Shahjalal University of Science and Technology (SUST); Belgium; Flanders Marine Institute (VLIZ); Benin; ICMPA-UNESCO Chair (International Chair in Mathematical Physics and Applications (ICMPA); Institut de Recherches Halieutiques et Oceanologiques du Benin (IRHOB); Canada; Ocean Frontier Institute (OFI); Ocean Networks Canada (ONC); Cape Verde; Instituto do Mar I. P. (IMar); Chile; COPAS Sur-Austral Center; Department of Oceanography (DOCE), University of Concepcion; Millennium Institute of Oceanography (IMO); China; First Institute of Oceanography (FIO), MNC; Institute of Oceanology, Chinese Academy of Sciences (IOCAS); National Ocean Technology Center (NOTC); Qingdao National Laboratory for Marine Science and Technology (QNLM); Second Institute of Oceanography, Ministry of Natural Resources (SIO); South China Sea Institute of Oceanology, Chinese Academy of Sciences (SCSIO); Colombia; Instituto de Investigaciones Marinas y Costeras (INVEMAR); Cote D'ivoire; center Universitaire de Recherche et dâ ÔApplication en Teledetection (CURAT); France; IFREMER Institut Francais de Recherche pour Exploitation de la Mer (IFREMER); Institut National des Sciences de Univers du CNRS (INSU); Germany; Alfred-Wegener-Institute (AWI) Helmholtz center for polar and marine research; GEOMAR Helmholtz center for Ocean Research Kiel; Leibniz center for Tropical Marine Research (ZMT); Ghana; University of Ghana Department of Marine and Fisheries Sciences (MAFS); India; Indian National center for Ocean Information Services (INCOIS); National Institute of Oceanography (NIO); Ireland; Marine Institute; Italy; Euro-Mediterranean Center on Climate Change (CMCC); National Institute of Oceanography and Applied Geophysics, Ai OGS; Japan; Japan Agency for Marine-Earth Science and Technology (JAMSTEC); Malaysia; center for Marine and Coastal Studies (CEMACS); Mexico; Oceanology Division of The Center for Scientific Research and Higher Education at Ensenada (CICESE); Morocco; Institut National de Recherche Halieutique (INRH); Netherlands; Royal Netherlands Institute for Sea Research (NIOZ); Nigeria; Department of Marine Sciences, University of Lagos (UNILAG); Nigerian Institute for Oceanography and Marine Research (NIOMR); University of Calabar, Faculty of Oceanography (UNICAL); Norway; Norwegian Polar Institute (NPI); Portugal; University of Algarve (UAlg); South Korea; Korea Institute of Ocean Science and Technology (KIOST); Spain; Instituto Espanol de Oceanografica (IEO); United Kingdom; British Antarctic Survey (BAS); Marine Biological Association (MBA); National Oceanography center (NOC); Plymouth Marine Laboratory (PML); Scottish Association for Marine Science (SAMS); United States; Geochemical and Environmental Research Group (GERG) Texas AandM University; Monterey Bay Aquarium Research Institute (MBARI); National Oceanic and Atmospheric Administration (NOAA); Rutgers, The State University of New Jersey; Scripps Institution of Oceanography (SIO); Woods Hole Oceanographic Institution (WHOI); GEO Group on Earth Observations (GEO); GEO Blue Planet; Global Earth Observing System (GOOD); Intergovernmental Oceanographic Commission (IOC); Scientific Committee on Oceanic Research (SCOR)"
Ram Legacy Stock Assessment Database,fisheries extraction,Yes,Census of Marine Life; Canadian Foundation for Innovation; National Center for Ecological ANalysis and Synthesis (NCEAS); National Sciences and Engineering Research Council of Canada (NSERC); Smith Conservation Research Fellowship; National Science Foundation
ReefBase,biodiversity conservation,Yes,"Agence pour la Recherche et la Valorisation Marines; Atlantic and Gulf Rapid Reef Assessment; Australian Institute of Marine Science; Caribbean Coastal Marine Productivity Program; center de Recherches Insulaires et Observatoire de l'Environnement (CRIOBE-EPHE); Climate Change, Agriculture and Food Security; Conservation International; Coordinating Body on the Seas of East Asia; Coral Cay Conservation; Coral Reef Degradation in the Indian Ocean; Coral Reef Initiative for the South Pacific; Demis; FishBase; Global Coral Reef Monitoring Network; Global Vision International; French Research Institute for Exploitation of the Sea (IFREMER); Institute for Marine Remote Sensing; Institute of Marine Resources; International Coral Reef Action Network; International Coral Reef Initiative (ICRI); International Society for Reef Studies; International Waters Learning Exchange and Resource Network (IW:LEARN); International Year of the Reef; Japan Wildlife Research Center; Locally Managed Marine Area Network; MPA Global; National Aeronautics and Space Administration (NASA); National Oceanic and Atmospheric Administration (NOAA); Reef Check; Reef Relief; Secretariat of the Pacific Community; South Pacific Regional Environment Program; The Nature Conservancy (TNC); WorldFish; United Nations Environment program; World Conservation Monitoring center; World Resources Institute; World Wide Fund for Nature (WWF)"
Sea Around US,fisheries extraction,Yes,University of Western Australia; FishBase; SeaLifeBase; The Pew Charitable Trusts; Paul M. Angell Family Foundation; Global Greengrants Fund; Vulcan Inc.; Fisheries Economics Research Unit; Changing Ocean Research Unit; The MAVA Foundation; The Oak Foundation; NEREUS; National Geographic; Convention on Biological Diversity (CBD); Baltic 2020; Global Aquaculture Performance Index; Oceana
Seabird Tracking Database,biodiversity conservation,Yes,"Global Ocean Biodiversity Initiative; Federal Ministry for the Environment, Nature Conservation, Building and Nuclear Safety; Darwin Initiative, European Commission, Birdfair; Cambrdige Conservation Initiative; MAVA Fondation Pour la Nature; Royal Society for the Protection of Birds; Pew Charitable Trusts; 4ocean"
SeaDataNet,basic science,Yes,"French Research Institute for Exploitation of the Sea (IFREMER); Marine Information Service (MARIS); British Oceanographic Data center (BODC); Bundesamt fur Seeschiffart und Hydrographie (BSH); Swedish Meteorological and Hydrological Institute (SMHI); Spanish Oceanograhpic Institute (IEO); Hellenic center for Marine Research, Institute of Oceanography (HCMR/IO); National Institute of Oceanography and Applied Geophysics (OGS); All-Russia Research Institute of Hydrometeorological Information - World Data Center (RIHMI-WDC); National Agency for New Technologies, Energy and Sustainable Economic Development (ENEA); National Institute of Geophysics and Volcanology (INGV); Middle East Technical University Institute of Marine Sciences (METU-IMS); Alfred-Wegener-Institute for Polar- and Marine Research; University of Liege; Institute of Marine Research; Aarhus University; International Council for Exploraiton of the Sea (ICES); Institute for Environment and Sustainability (IES); Marine Institute (MI); International Hydrographic Organization (IHO); Royal Netherlands Institute for Sea Research (NIOZ); Royal Belgian Institute of National Sciences (RBINS); Flanders Marine Institute (VLIZ); Marine and Freshwater Research Institute (MFRI); Finnish Meteorological Institute (FMI); Institute of Meteorology and Water Management (IMGW); Marine Systems Institute (MSI); Latvian Institute of Aquatic Ecology (LHEI); Shirshov Institute of Oceanology of Russian Academy of Sciences (SIO-RAS); Institute of Oceanology of Bulgarian Academy of Sciences (IO-BAS); National Institute for Marine Research and Development (NIMRD); Georgian Designated National Agency (GeoDNA); Institute of Oceanography and Fisheries (IOF); National Institute of Biology (NIB); International Ocean Institute - Malta Operational center at University Of Malta; Israel Oceanographic and Liminological Research Institute (IOLR); National Research Council of Italy (CNR); Institute of Oceanology, Polish Academy of Sciences (IO-PAN); Spanish National Research Council (CSIC); Deltares; Finnish Environmental Institute (SKYE); Ukranian Scientific Center for Ecology of the Sea (UkrSCES); ETT Solutions; Intergovernmental Oceanographic Commission (IOC); German Climate Computing Center (DKRZ); Cineca; CSC - IT Center for Science; Science and Technology Facilities Council (STFC); Greek Research and Technology Network (GRNET); University of Bergen (UiB); Helmholtz center for Ocean Research Kiel (GEOMAR); 52 North Initiative for Geospatial Open Source Software GmbH; Shom; ORION Joint Research and Development Center; Mediterranean Institute of Oceanography; Oceanic and Continental Environments and Paleoenvironments (EPOC); University of Bologna, Environmental Science Laboratory"
Seafood Alliance for Legality and Traceability,fisheries extraction,Yes,"United States Agency for International Development (USAID); The David and Lucile Packard Foundation; Gordon and Betty Moore Foundation; Walton Family Foundation; FishWise Advisory Committee: USAID; Walton Family Foundation; The David and Lucile Packard Foundation; Gordon and Betty Moore Foundation; Center for Strategic International Studies (CSIS); Department of Labor in the International Labor Affairs Bureau; Environmental Justice Foundation (EJF); Embassy of Japan; Fisheries Transparency Initiative (FiTI); Francisco Blaha, Independent Expert; Future of Fish; Global Tuna Alliance; Iberostar; Marine Stewardship Council (MSC); National Oceanic and Atmospheric Administration (NOAA); Philippines Bureau of Fisheries and Aquatic Resources; Richard Stavis, Independent Expert; United States Department of State; Virgil Group; World Benchmarking Alliance (WBA); World Wide Fund for Nature (WWF)"
Seafood Watch,fisheries extraction,Yes,Conservation Alliance for Seafood Solutions; Global Seafood Ratings Alliance; Certification and Ratings Collaboration
SeaVision - US Navy/ US Department of Transportation,basic science,Yes,Battlespace Awareness and Information Operations; US Department of Transportation (USDOT); US Fleet Forces Command; Naval Information Warfare Center (NWIC); National Oceanic and Atmospheric Administration (NOAA); Department of Homeland Security (DHS); Association of Southeast Asian Nations (ASEAN); Naval Cooperation and Guidance for Shipping (NCAGS)
State of the world's sea turtles,biodiversity conservation,Yes,Oceanic Society; OBIS-Sea Map at Duke University; International Union for Conservation of Nature (IUCN) Marine Turtle Specialist Group
Sustainability of Marine Ecosystems through global knowledge networks (SMARTNET),basic science,Yes,"OCEAN DECADE PARTNERS: Norway; Sweden; Korea Institute of Ocean Science and technology (KIOST); Ministry of Education, Culture, Sports, Science and Technology (MEXT); Portugal; REV Oceans; Panerai; Fugro; Fisheries and Oceans Canada (DFO)"
The Fishery Improvement Projects Database,fisheries extraction,No,None indicated
The Hydrous presents: The Decade of Ocean Empathy,basic science,Yes,The Smithsonian; National Science Foundation (NSF); Stanford University; Adobe; Meridian Treehouse
The Nippon Foundation-GEBCO Seabed 2030 Project,basic science,Yes,General Bathymetric Chart of the Oceans (GEBCO); International Hydrographic Association (IHO); Intergovernmental Oceanographic Commission (IOC)
Traseable,fisheries extraction,Yes,World Wide Fund for Nature (WWF); Pacific Community; Consultative Group on International Agricultural Research (CGIAR); Technical center for Agricultural and Rural Cooperation (CTA)
UNEP World Conservation Monitoring Centre Ocean Data Viewer,biodiversity conservation,Yes,Ocean+
UNESCO International Oceanographic Data and Information Exchange (IODE),basic science,Yes,International Association of Aquatic and Marine Science Libraries and Information Centers (IAMSLIC); International Council for Science (ICSU); Scientific Community on Oceanic Research (SCOR); Harmful Algal Bloom Program (HAB); Research Data Alliance (RDA); World Meteorological Organization (WMO)
UNESCO IODE Ocean Data Portal,basic science,Yes,Federal Service for Hydrometeorology; Environmental Monitoring of the Russian Federation (Roshydromet); Joint WMO-IOC Technical Commission for Oceanography and Marine Meteorology (JCOMM); SeaDataNet; Global Earth Observation System of Systems (GEOSS); IODE/JCOMM Expert Group for Data Management Practices (ETDMP)
Universeum Ocean Science Lab,basic science,Yes,SKF; Saab Automobile; Volvo; Instalco; AstraZeneca; Carl Bennet Ab; Elanders Group; Getinge Knowledge Partners: Enfo; Morris Law; APS; AI Sweden; Stockholm Resilience center; Stockholm University Collaboration Actors: Vastra-Gotaland Regional Council; Gothenburg Municipality; Skolverket
World Ocean Atlas,basic science,Yes,National Oceanic and Atmospheric Administration (NOAA) National Centers for Environmental Information; World Ocean Database
World Ocean Database - NOAA National Centers for Environmental Information,basic science,Yes,National Oceanic and Atmospheric Administration (NOAA) Centers for Environmental Information; World Ocean Atlas
World Register of Marine Species,basic science,Yes,Global Biodiversity Information Facility (GBIF); European Ocean Biodiversity System (EurOBIS); Ocean Biodiversity System (OBIS); European Marine Observation and Data Network (EMODNet)
WWF DETECT - IT,fisheries extraction,Yes,Hewlett-Packard Enterprises (HP)
C4ADS Natural Resources Cell (IUU Fishing Only),fisheries extraction,Yes,"Hon. April Foley; John Callery; Joe D'Cruz; LTG (Ret.) David P. Fridovich; Newton Howard, PHD, HDR; Sergey Kanareykin; John Pearce; Archie Ravishankar; Palantir; Amazon Web Services (AWS); Windward; Planet; Spire; Fivecast; ADS-B Exchange; Unfolded; Bright Data; DomainTools; Greylist"
Ecologically or Biologically Significant Marine Areas,biodiversity conservation,Yes,AEON Environmental Foundation; African center for Technology Studies (ACTS); Agropolis International; Airbus S.A.S.; Alpine Convention; American Bird Conservancy (ABC) Alliance for Zero Extinction (AZE); Anatrack; Arab Organization for Agricultural Development (AOAD); ASEAN center for Biodiversity (ACB); Asociacion Latinoamericana de Integracion (ALADI); Biodiversity Center Ministry of the Environment; BioNET-INTERNATIONAL; Bioversity International; BirdLife International; Botanic Gardens Conservation International (BGCI); Botanical Gardens Montreal (Canada); Botanische Gorten der Rheinischen Friedrich-Wilhelms-Universitit Bonn; CABI (CABI); Canadian Environmental Network (RCEN); Canadian Forest Service; Carleton University (Canada); Carpathian Convention; CBD Alliance; Census of Marine Life (CMoL); Center for International Forestry Research (CIFOR); center for International Sustainable Development Law (CISDL); Centro Internacional de Agricultura Tropical (CIAT); Comisiin Nacional para el Conocimiento y Uso de la Biodiversidad (CONABIO); Comisiin Permanente del Pacifico Sur (CPPS); Concordia University; Conservation International (CI); Conservation of Arctic Flora and Fauna (CAFF); Consultative Group on International Agricultural Research (CGIAR); Convention for the Protection and Development of the Marine environment of the Wider Caribbean Region (Cartagena Convention); Convention on International Trade in Endangered Species of Wild Fauna and Flora (CITES); Convention on the Conservation of European Wildlife and Natural Habitats (Bern Convention) Council of Europe (Bern Convention); Convention on the Conservation of Migratory Species of Wild Animals (CMS); Convention on the Conservation of Migratory Species of Wild Animals (CMS); Deutsche Gesellschaft fur Internationale Zusammenarbeit (GIZ) GmbH (GIZ); DIVERSITAS. Earth Rangers; ecole des Hautres etudes Commerciales (HEC-Alger); Environment Canada; Federal Agency for Nature Conservation (Germany) (BfN); Federal Ministry for Economic Cooperation and Development (BMZ); Fishbase Information and Research Group (FIN); Folk Research center; Food and Agriculture Organization (FAO); Foundation for International Environmental Law and Development (FIELD); Future Earth International; Genetic Resources Communications Systems Inc.; Diversity (GRCS Diversity); Global Biodiversity Information Facility (GBIF); Global Environment Facility (GEF); Global International Waters Assessment (GIWA); Global Invasive Species program - Secretariat (GISP); Global program of Action for the Protection of the Marine Environment from Land-Based Activities (UNEP/GPA); Green Belt Movement; GRID-Arendal; United Nations Environment program (UNEP/GRID-Arendal); Group on Earth Observations (GEO); Healthy Urban Microbiome Initiative (HUMI); Higashiyama Botanical Gardens Horus Institute for Environmental Conservation and Development; ICI Environment; ICLEI - Local Governments for Sustainability (ICLEI); Indigenous Women's Biodiversity Network - Latin America and Caribbbean; Information and Communication center of the Barcelona Convention; Institut de l'energie et de l'Environnement de la Francophonie; Institute for Global Environmental Strategies (IGES); Instituto Alexander Von Humboldt; Instituto Nacional de Biodiversidad (INBio); Instituto Superiore per la Protezione e la Ricerca Ambientale (ISPRA); Inter-American Biodiversity Information Network (IABIN); Intergovernmental Oceanographic Commission (IOC); Intergovernmental Platform on Biodiversity and Ecosystem Services (IPBES); International Association for Impact Assessment (IAIA); International Barcode of Life (iBOL); International center for Genetic Engineering and Biotechnology (ICGEB); International Civil Aviation Organization (ICAO); International Development Law Organization (IDLO); International Federation of Agricultural Producers (IFAP); International Fund for Agricultural Development (IFAD); International Ocean Institute (IOI); International Plant Genetic Resources Institute (IPGRI); International Plant Protection Convention Secretariat (FAO/IPPC); International Treaty on Plant Genetic Resources for Food and Agriculture FAO (ITPGRFA); International Tropical Timber Organization (ITTO); International Union of Biological Sciences (IUBS); IUCN - Countdown 2010; IUCN - International Union for Conservation of Nature (IUCN); IUCN Species Survival Commission; Japan Committee for IUCN (IUCN-J); Joint Nature Conservation Committee (JNCC); Kobe University; Korea Forest Service; Leibniz-Institut fur Evolutions und Biodiversititsforschung - Museum fur Naturkunde - Humboldt-Universitat zu Berlin; McGill University; Minister of Housing; Spatial Planning and the Environment; Ministry for Economic Cooperation and Development (Germany); Ministry of Agriculture; Nature and Food Quality (ANF); Ministry of Agriculture; Nature Management and Fisheries (Netherlands); Ministry of Agriculture; Sea; Environment and Spatial Planning; Ministry of Oceans and Fisheries of the Republic of Korea; Missouri Botanical Garden; Museum National d'Histoire Naturelle (France); National Commission for the Knowledge and Use of Biodiversity (CONABIO); National Commission for Wildlife Conservation and Development (NCWCD); National Geographic Society; National Institute of Biological Resources (NIBR); Natural History Museum; NatureServe; New Partnership for Africa's Development (NEPAD); Observatoire du Sahara et du Sahel (OSS); Organization for Economic Co-operation and Development (OECD); Organization for Industrial; Spiritual; Cultural Advancement International (OISCA); Pan-European Biological and Landscape Diversity Strategy (PEBLDS); Partnerships in Environmental Management for the Seas of East Asia (PEMSEA); Permanent Secretariat of the Amazon Cooperation Treaty Organization (ACTO-OTCA); program regional de Conservation de la zone Ciere et Marine en Afrique de Ouest (PRCM); Ramsar Convention on Wetlands (Ramsar); RARE Conservation; Royal Belgian Institute of Natural Sciences; Royal Botanic Garden of Edinburgh; Royal Botanic Gardens; Kew; Secretaria de Medio Ambiente y Recursos Naturales; Secretariat of the Pacific Regional Environment program (SPREP); Sedna Foundation (SEDNA); Smithsonian Institution; South African National Biodiversity Institute (SANBI); State of Parana; Stockholm University (SRC); Tehran Process Secretariat for Low Forest Cover Countries (TPS LFCC); The Government of the Republic of South Africa; The Nature Conservancy (TNC); The Union for Ethical BioTrade (UEBT); Tourisme Montreal; TRAFFIC International; United Nations Environmental Program (UNEP) Division of Environmental Law and Conventions (DELC); United Nations Environmental Program (UNEP) Mediterranean Action Plan for the Barcelona Convention (MAP); United Nations Environmental Program (UNEP) World Conservation Monitoring center (WCMC); United Nations Conference on Trade and Development (UNCTAD); United Nations Convention to Combat Desertification (UNCCD); United Nations Development program (UNDP); United Nations Development Program (UNDP) Drylands Development center (DDC); United Nations Economic Commission for Africa (UNECA); United Nations Economic Commission for Europe (UNECE); United Nations Economic Commission for Latin America and the Caribbean (UNECLAC); United Nations Educational; Scientific and Cultural Organization (UNESCO); United Nations Forum on Forests (UNFF); United Nations Foundation; United Nations Human Settlements program (UN-HABITAT); United Nations Industrial Development Organization (UNIDO); United Nations Institute for Training and Research (UNITAR); United Nations University - Institute of Advanced Studies (UNU-IAS); United Nations University - International Institute for Global Health (UNU-IIGH); United Nations World Tourism Organization (UNWTO); United States Department of Agriculture; Universidad Livre do Meio Ambiente (Brazil); Universita di Roma La Sapienza; Universite de Montreal; Universite du Quebec Montreal-UQAM (UQAM); Universite Laval; University of Guelph; University of Tokyo; University of Toronto (Canada); Ville de Montreal (Canada); Western Indian Ocean Marine Science Association (WIOMSA); Wetlands International (WI); Wildlife Conservation Society (WCS); World Agroforestry center (ICRAF); World Association of Zoos and Aquariums (WAZA); World Bank; World Future Council; World Health Organization (WHO); World Intellectual Property Organization (WIPO); World Organisation for Animal Health (OIE); World Wide Fund for Nature (WWF)
FAO Global Record,fisheries extraction,Yes,"European Commission; Ministry of Industries and Innovation, Iceland; Ministerio de Agricultura y Pesca, Alimentacion y Medio Ambiente, Spain; Ministry for Foreign Affairs, Sweden; National Oceanic and Atmospheric Administration, United States of America; Colombia; Comoros; Ghana; Iceland; Indonesia; Mauritius; Mozambique; Philippines; Seychelles; Spain; Uruguay"
Fisheries and Marine Ecosystem Model Intercomparison Project,biodiversity conservation,Yes,"Potsdam Institute for Climate Impact Research (PIK); the International Institute for Applied Systems Analysis (IIASA); Cynthia Rosenzweig, The Earth Institute at Columbia University; National Aeronautics and Space Administration (NASA) Goddard Institute for Space Studies; Simon Donner, University of British Columbia; Brian O. Neill, Josef Korbel School of International Studies, University of Denver; Yukiko Hirabayashi, Shibaura Institute of Technology; Sonia I. Seneviratne, ETH Zurich; Dr. Philip Ward, Vrije Universiteit Amsterdam; Dr. Shilong Piao, Peking University"
Fisheries and Resources Monitoring Systems,fisheries extraction,Yes,Commission On The Conservation Of Antarctic Marine Living Resources (CCAMLR); Commission For The Conservation Of Southern Bluefin Tuna (CCSBT); EU Directorate-General Maritime Affairs And Fisheries (DG MARE); Food And Agriculture Organization (FAO) Fisheries And Aquaculture Division; Fisheries Committee For The West Central Gulf Of Guinea (FCWC); General Fisheries Commission For The Mediterranean (GFCM); Inter-American Tropical Tuna Commission (IATTC); International Commission For The Conservation Of Atlantic Tunas (ICCAT); International Council For The Exploration Of The Sea (ICES); Indian Ocean Tuna Commission (IOTC); Northwest Atlantic Fisheries Organization (NAFO); North Atlantic Salmon Conservation Organization (NASCO); North East Atlantic Fisheries Commission (NEAFC); Southeast Asian Fisheries Development Center (SEAFDEC); Southeast Atlantic Fisheries Organization (SEAFO); South Indian Ocean Fisheries Agreement (SIOFA); South Pacific Regional Fisheries Management organization (SPRFMO)
Fish-I Africa,fisheries extraction,Yes,Comoros; Kenya; Madagascar; Mauritius; Mozambique; Seychelles; Somalia; Tanzania
FishSource,fisheries extraction,Yes,Monterey Bay Aquarium Seafood Watch; University of Washington; BlueBridge
Global Coral reef Monitoring Network - International Coral reef Initiative,biodiversity conservation,Yes,"International Coral Reef Initiative (ICRI) Secretariat; National Oceanic and Atmospheric Administration (NOAA); Global Coral Reef Monitoring Network host institution, Australian Institute of Marine Sciences; United Nations Environment program (UNEP) World Conservation Monitoring center; Global Fund for Coral Reefs; World Resources Institute; Coral Research and Development Accelerator Platform; Wildlife Conservation Society (WCF); Global Socioeconomic Monitoring Initiative; France; Maldives; United Kingdom, Joint Nature Conservation Committee; Australia, Great Barrier Reef Marine Park Authority; Western Indian Ocean, Coastal Oceans Research and Developmentâ Indian Ocean (CORDIO) East Africa, Pacific; Secretariat of the Pacific Regional Environment program, East Asia; Caribbean, Regional Activity center for the Protocol Concerning Specially Protected Areas and Wildlife for the Wider Caribbean Region"
Global Fishing Watch,fisheries extraction,Yes,"Oceana; SkyTruth; Google Earth Outreach; Bloomberg Philanthropies; The Waterloo Foundation; Paradise Foundation and Systemiqa; National Geographic Society; Google; University of Wisconsin-Madison; Papua New Guinea; Benin; United States Southern Command; International Monitoring, Control and Surveillance Network; Ocean Data Foundation (ODF); PACIFICO; Japan Fisheries Research and Education Agency (FRA); Australian National center for Ocean Resources and Security (ANCORS); Spire Global Inc.; Bali Seafood International and Pelagic Data Systems; Norway; Canada; United Kingdom; United States; Trace Register; Dalhousie University; The Republic of Indonesia; Joint Analytical Cell; Costa Rican Fisheries and Aquaculture Institute (Incopesca); Brazil Ministry of Agriculture, Livestock and Food Supply; Ecuador National Directorate of Aquatic Spaces (DIRNEA); Belize High Seas Fisheries Unit (BHSFU); Peru; Marine Manager; Human Rights at Sea; Vulcan Inc.; Women in Maritime Africa, South Africa chapter (WIMA-SA); National Taiwan Ocean University; Peru; Chile; United States Coast Guard Research and Development Center (CG RDC)"
Global Ocean Biogeochemistry Array,basic science,Yes,"Monterey Bay Aquarium Research Institute; University of Washington; Woods Hole Oceanographic Institution; Scripps Institution of Oceanography (SIO); Princeton University; University Of Hawaii At Manoa - David Karl; National Oceanic And Atmospheric Administration (NOAA) - John Dunne; Dalhousie University - Katja Fennel; California State University, Monterey Bay - Corey Garza; Texas AandM University - Mitch Malone; University Of Rhode Island - Melissa Omand; University Of Rhode Island - Jaime B Palter"
Intergovernmental Oceanographic Commission (IOC) Global Earth Observing System (GOOS),biodiversity conservation,Yes,Intergovernmental Oceanographic Commission (IOC) Global Earth Observing System (GOOS) Black Sea; Intergovernmental Oceanographic Commission (IOC) Global Earth Observing System (GOOS) EuroGOOS; Intergovernmental Oceanographic Commission (IOC) Global Earth Observing System (GOOS) Africa; Integrated Marine Observing System (IMOS); IOCARIBE-Intergovernmental Oceanographic Commission (IOC) Global Earth Observing System (GOOS); GRASP; Intergovernmental Oceanographic Commission (IOC) Global Earth Observing System (GOOS) Indian Ocean (IOGOOS); Intergovernmental Oceanographic Commission (IOC) Global Earth Observing System (GOOS) Mediterranean Operational Network (MONGOOS); Global Ocean Observation System (GOOS) North East Asia Region (NEAR-GOOS); Regional Alliance for the Upper Southwest and Tropical Atlantic (OCEATLAN); Intergovernmental Oceanographic Commission (IOC) Global Earth Observing System (GOOS) Pacific Islands (PI-GOOS); Intergovernmental Oceanographic Commission (IOC) Global Earth Observing System (GOOS) Southeast Asia (SEAGOOS); U.S. Integrated Ocean Observing System (IOOS); Southern Ocean Observing System (SOOS); Sustaining Arctic Observing Networks (SAON); Toste Tanhua; Alvaro Scardilli; Anya Waite; Weidong Yu; Wei Peng; Paula Sierra-Correa; Suzan El-Gharabawy; Molly Powers; Pierre Bahurel; Sabrina Speich; Francis Marsac; Veronique Garcon; Balakrishnan Nair; R. Venkatesan; Dwikorita Karnawati; Toshio Suga; Kim Currie; Konstantin Lebedev; Joaquin Tintore; Katarina Lotta Fyrberg; Elaine McDonagh; John Siddorn; David Legler; Craig McLean; Gabrielle Canonico
Marine Life 2030: A Global Integrated Marine Biodiversity Information Management and Forecasting System for Sustainable Development and Conservation,biodiversity conservation,Yes,University of South Florida; University of Porto; Hokkaido University; Memorial University of Newfoundland; Nord University; St. George's University; University of the West Indies; University of the South Pacific; University of Ryukyus; University of Malaya; University of Gothenburg; Tara Oceans Consortium; Universiti Malaysia Terengganu; Universidade Federal do Espirio Santo; Institute of Coastal Research; National University of Ireland Galway (NUI Galway); GEOMAR Helmholtz center for Ocean Research Kiel; Global Seaweeds Coastal Futures; Scripps Institution of Oceanography (SIO); University of Alabama Huntsville; University of California Merced; Oregon State University; University of Alaska Fairbanks; Monterey Bay Aquarium Research Institute; University of California Santa Barbara; University of Maine; University of Maryland Center for Environmental Science; Northeastern University; Universidad Nacional Autonoma de Mexico; University of Miami; University of Washington; Ocean Carbon and Biogeochemistry (OCB) Project Office Woods Hole Oceanographic Institution; University of Maine; MPI for Marine Microbioligy; Celsiusstr; Senckenberg Research Institute and Natural History Museum; University of Edinburgh; Lehigh University; Intergovernmental Oceanographic Commission (IOC); UN Environment program World Conservation Monitoring center (UNEP-WCMC); Global Biodiversity Information Facility (GBIF); GEO Blue Planet Secretariat; Atlantic International Research center; Parque de Ciencia e Tecnologia de Ilha Terceira (TERINOV); International Union for Conservation of Nature (IUCN); MigraMar; Ocean Data Platform; REV Ocean; Schmidt Ocean Institute; Group on Earth Observations (GEO) Biodiversity Observation Network (BON); CORDIO East Africa; Fundacion La Salle de Ciencias Naturales de Venezuela (FLASA)
Migratory Connectivity in the Ocean,biodiversity conservation,Yes,ADS Biodiversidad; Parcs Gabon; Archelon; Asociacion Herpeteologica (ES); BiodiversityEast; BirdLife International; Bristol Zoological Society; British Artarctic Survey; Cabo Verse Natura 2000; Cape Eleuthera Institute; Department of Environmenta Cayman Islands Government; Coonamessett Farm Foundation; Deakin University; Dekamer; Drexel University; Duke Nicholas School of the Environment Marine Lab; Ekolojik Arastirmalar Dernegi (Ecological Research Society); Environment and Climate Change Canada; Faculdade de Ciencias de Universidade de Lisboa; Florida Gulf Coast University; Fundacion Oceanografic; Grupo Torotuguero de las Californias; CNRS advancing the frontiers; ISPA Instituto Universitario; Israel Nature and Parks Authority; The Israel Sea Turtle Rescue Center; Lund University; Manga; Marine Research Foundation Sabah; Malaysia; Mediterranean Association to Save the Sea Turtles; NOAA; Partenariat Tortues Marines Gabon; Pro Delphinus Peru; Queen Mary University of London; Red Tortuguera A.C.; San Jose State University; Seaturtle.org; SEO Birdlif; Society for the Protection of Turtles; Stazione Zooligica Anton Dohrn Napoli; Swansea University; Projeto Tamar; The Leatherback Trust; Tortugas Marinas de Guinea Ecuatorial; Universidad de las Palmas de Gran Canaria; Universidade de Coimbra; Universitat do Valencia; Univerisita di Pisa; The University of Auckland New Zealand; Univeristy of California Santa Cruz; University of Exeter; Naval Faciilities Engineering Command; Wake Forest University; Wildlife Conservation Society (WCS); World Wide Fund for Nature (WWF)
National Centers for Environmental Information - NOAA OneStop,basic science,No,Not indicated
NOAA National Data Buoy Center,basic science,No,Not indicated
Ocean Decade Image Bank and Toolkits,biodiversity conservation,No,Not indicated
Ocean Disclosure Project,fisheries extraction,No,Not indicated
Ocean Health Index,basic science,Yes,Conservation International; Esri; National Center for Ecological Analysis and Synthesis (NCEAS); Sea Around Us; University of British Columbia; University of California at Santa Barbara; Darden Foundation; National Geographic; New England Aquarium; RadicalMedia
Ocean of Things - Defense Advanced Research Projects Agency,basic science,No,Not indicated